{"users": {"1010205515": {"city": "Balashikha", "first_name": "\u041b\u0451\u0448\u0430", "get_qr": false, "get_sentence": false, "get_url": false, "get_weather": false, "id": "1010205515", "language_code": "en", "last_name": "\u041a\u0438\u0440\u044e\u0448\u0438\u043d", "main": "online", "password": "kbnPsq87", "points": 51, "post": "User", "rate_weather": 0, "registered": "06/22/22 11:46:20", "username": "l_keey", "was_online": "18:41"}, "1220976819": {"city": "\u0411\u0430\u043b\u0430\u0448\u0438\u0445\u0430", "first_name": "\u041b\u0438\u043d\u0430", "get_qr": true, "get_sentence": true, "get_url": true, "get_weather": false, "id": "1220976819", "language_code": "ru", "last_name": null, "main": "online", "password": "ZG72eiQF", "points": 0, "post": "User", "rate_weather": 0, "registered": "07/08/22 21:52:20", "username": null, "was_online": "21:58"}, "1462636831": {"city": "DEFAULT", "first_name": "\u0410\u0440\u0438\u043d\u0430", "get_qr": false, "get_sentence": false, "get_url": false, "get_weather": false, "id": "1462636831", "language_code": "ru", "last_name": "\u0414\u0435\u043c\u044c\u044f\u043d\u0447\u0435\u043d\u043a\u043e", "main": "off-line", "password": "6YN78flp", "points": 83, "post": "User", "rate_weather": 0, "registered": "05/25/22 15:31:20", "username": "aridem", "was_online": "15:36"}, "1580133018": {"city": "DEFAULT", "first_name": "Daria", "get_qr": false, "get_sentence": false, "get_url": false, "get_weather": false, "id": "1580133018", "language_code": "ru", "last_name": null, "main": "online", "password": "iHWgD9Cx", "points": 3, "post": "User", "rate_weather": 0, "registered": "07/28/22 18:33:20", "username": "daria_12341234", "was_online": "18:33"}, "56": {"city": "DEFAULT", "first_name": "\u041b\u0451\u0448\u0430", "get_qr": false, "get_sentence": false, "get_url": false, "get_weather": false, "id": "56", "language_code": "en", "last_name": "\u041a\u0438\u0440\u044e\u0448\u0438\u043d", "main": "off-line", "password": "457n@4/2", "points": 10, "post": "User", "rate_weather": 0, "registered": "05/24/22 13:04:20", "username": "NO_NAME", "was_online": "13:04"}, "952492649": {"city": "DEFAULT", "first_name": "\u0415\u0437\u0436\u0435", "get_qr": false, "get_sentence": false, "get_url": false, "get_weather": false, "id": "952492649", "language_code": "ru", "last_name": "\u0411\u0443\u0434\u0434\u0430", "main": "online", "password": "bPqnnaYp", "points": 0, "post": "User", "rate_weather": 0, "registered": "07/28/22 18:26:20", "username": "Koncheni", "was_online": "18:26"}}}